Internet.prije,Internet.sad
5h+,5h+
1-3h,3-5h
0-1h,5h+
1-3h,0-1h
3-5h,5h+
1-3h,3-5h
3-5h,3-5h
5h+,5h+
1-3h,1-3h
3-5h,5h+
3-5h,3-5h
0-1h,5h+
3-5h,5h+
3-5h,3-5h
5h+,5h+
3-5h,3-5h
5h+,5h+
1-3h,3-5h
5h+,5h+
3-5h,5h+
3-5h,5h+
5h+,5h+
3-5h,5h+
1-3h,1-3h
5h+,5h+
1-3h,3-5h
5h+,5h+
1-3h,3-5h
1-3h,3-5h
0-1h,1-3h
3-5h,3-5h
1-3h,3-5h
5h+,5h+
5h+,5h+
1-3h,3-5h
1-3h,3-5h
5h+,5h+
3-5h,5h+
1-3h,5h+
1-3h,5h+
1-3h,5h+
5h+,5h+
3-5h,1-3h
1-3h,5h+
1-3h,5h+
5h+,5h+
3-5h,3-5h
3-5h,5h+
1-3h,3-5h
3-5h,1-3h
1-3h,1-3h
3-5h,3-5h
3-5h,5h+
3-5h,3-5h
1-3h,5h+
3-5h,5h+
1-3h,3-5h
1-3h,1-3h
1-3h,1-3h
0-1h,1-3h
1-3h,1-3h
1-3h,1-3h
1-3h,1-3h
1-3h,3-5h
1-3h,1-3h
1-3h,1-3h
0-1h,0-1h
1-3h,0-1h
1-3h,1-3h
1-3h,5h+
1-3h,5h+
3-5h,5h+
3-5h,3-5h
5h+,5h+
5h+,5h+
5h+,5h+
3-5h,5h+
5h+,5h+
1-3h,5h+
3-5h,5h+
3-5h,3-5h
1-3h,1-3h
3-5h,3-5h
1-3h,5h+
0-1h,1-3h
3-5h,5h+
0-1h,1-3h
3-5h,3-5h
0-1h,0-1h
3-5h,3-5h
3-5h,5h+
1-3h,3-5h
1-3h,1-3h
1-3h,5h+
1-3h,3-5h
5h+,5h+
3-5h,5h+
5h+,5h+
5h+,5h+
1-3h,3-5h
1-3h,3-5h
1-3h,3-5h
5h+,5h+
5h+,5h+
5h+,5h+
5h+,5h+
1-3h,5h+
5h+,5h+
1-3h,5h+
1-3h,1-3h
1-3h,5h+
1-3h,3-5h
3-5h,5h+
1-3h,1-3h
3-5h,5h+
5h+,5h+
3-5h,3-5h
1-3h,3-5h
1-3h,3-5h
1-3h,5h+
3-5h,5h+
1-3h,1-3h
5h+,3-5h
1-3h,1-3h
1-3h,1-3h
1-3h,5h+
1-3h,0-1h
1-3h,5h+
1-3h,0-1h
5h+,5h+
3-5h,5h+
5h+,5h+
1-3h,1-3h
5h+,5h+
3-5h,3-5h
3-5h,5h+
1-3h,5h+
0-1h,1-3h
3-5h,5h+
5h+,5h+
1-3h,0-1h
5h+,1-3h
5h+,5h+
3-5h,3-5h
1-3h,3-5h
1-3h,1-3h
1-3h,5h+
3-5h,5h+
5h+,5h+
1-3h,3-5h
0-1h,5h+
1-3h,0-1h
3-5h,5h+
1-3h,3-5h
3-5h,3-5h
5h+,5h+
1-3h,1-3h
3-5h,5h+
3-5h,3-5h
0-1h,5h+
3-5h,5h+
3-5h,3-5h
5h+,5h+
3-5h,3-5h
5h+,5h+
1-3h,3-5h
5h+,5h+
3-5h,5h+
3-5h,5h+
5h+,5h+
3-5h,5h+
1-3h,1-3h
5h+,5h+
1-3h,3-5h
5h+,5h+
1-3h,3-5h
1-3h,3-5h
0-1h,1-3h
3-5h,3-5h
1-3h,3-5h
5h+,5h+
5h+,5h+
1-3h,3-5h
1-3h,3-5h
5h+,5h+
3-5h,5h+
1-3h,5h+
1-3h,5h+
1-3h,5h+
5h+,5h+
3-5h,1-3h
1-3h,5h+
1-3h,5h+
5h+,5h+
3-5h,3-5h
3-5h,5h+
1-3h,3-5h
3-5h,1-3h
1-3h,1-3h
3-5h,3-5h
3-5h,5h+
3-5h,3-5h
1-3h,5h+
3-5h,5h+
1-3h,3-5h
1-3h,1-3h
1-3h,1-3h
0-1h,1-3h
1-3h,1-3h
1-3h,1-3h
1-3h,1-3h
1-3h,3-5h
1-3h,1-3h
1-3h,1-3h
0-1h,0-1h
1-3h,0-1h
1-3h,1-3h
1-3h,5h+
1-3h,5h+
3-5h,5h+
3-5h,3-5h
5h+,5h+
5h+,5h+
5h+,5h+
3-5h,5h+
5h+,5h+
1-3h,5h+
3-5h,5h+
3-5h,3-5h
1-3h,1-3h
3-5h,3-5h
1-3h,5h+
0-1h,1-3h
3-5h,5h+
0-1h,1-3h
3-5h,3-5h
0-1h,0-1h
3-5h,3-5h
3-5h,5h+
1-3h,3-5h
1-3h,1-3h
1-3h,5h+
1-3h,3-5h
5h+,5h+
3-5h,5h+
5h+,5h+
5h+,5h+
1-3h,3-5h
1-3h,3-5h
1-3h,3-5h
5h+,5h+
5h+,5h+
5h+,5h+
5h+,5h+
1-3h,5h+
5h+,5h+
1-3h,5h+
1-3h,1-3h
1-3h,5h+
1-3h,3-5h
3-5h,5h+
1-3h,1-3h
3-5h,5h+
5h+,5h+
3-5h,3-5h
1-3h,3-5h
1-3h,3-5h
1-3h,5h+
3-5h,5h+
1-3h,1-3h
5h+,3-5h
1-3h,1-3h
1-3h,1-3h
1-3h,5h+
1-3h,0-1h
1-3h,5h+
1-3h,0-1h
5h+,5h+
3-5h,5h+
5h+,5h+
1-3h,1-3h
5h+,5h+
3-5h,3-5h
3-5h,5h+
1-3h,5h+
0-1h,1-3h
3-5h,5h+
5h+,5h+
1-3h,0-1h
5h+,1-3h
5h+,5h+
3-5h,3-5h
1-3h,3-5h
1-3h,1-3h
1-3h,5h+
3-5h,5h+
5h+,5h+
1-3h,3-5h
0-1h,5h+
1-3h,0-1h
3-5h,5h+
1-3h,3-5h
3-5h,3-5h
5h+,5h+
1-3h,1-3h
3-5h,5h+
3-5h,3-5h
0-1h,5h+
3-5h,5h+
3-5h,3-5h
5h+,5h+
3-5h,3-5h
5h+,5h+
1-3h,3-5h
5h+,5h+
3-5h,5h+
3-5h,5h+
5h+,5h+
3-5h,5h+
1-3h,1-3h
5h+,5h+
1-3h,3-5h
5h+,5h+
1-3h,3-5h
1-3h,3-5h
0-1h,1-3h
3-5h,3-5h
1-3h,3-5h
5h+,5h+
5h+,5h+
1-3h,3-5h
1-3h,3-5h
5h+,5h+
3-5h,5h+
1-3h,5h+
1-3h,5h+
1-3h,5h+
5h+,5h+
3-5h,1-3h
1-3h,5h+
1-3h,5h+
5h+,5h+
3-5h,3-5h
3-5h,5h+
1-3h,3-5h
3-5h,1-3h
1-3h,1-3h
3-5h,3-5h
3-5h,5h+
3-5h,3-5h
1-3h,5h+
3-5h,5h+
1-3h,3-5h
1-3h,1-3h
1-3h,1-3h
0-1h,1-3h
1-3h,1-3h
1-3h,1-3h
1-3h,1-3h
1-3h,3-5h
1-3h,1-3h
1-3h,1-3h
0-1h,0-1h
1-3h,0-1h
1-3h,1-3h
1-3h,5h+
1-3h,5h+
3-5h,5h+
3-5h,3-5h
5h+,5h+
5h+,5h+
5h+,5h+
3-5h,5h+
5h+,5h+
1-3h,5h+
3-5h,5h+
3-5h,3-5h
1-3h,1-3h
3-5h,3-5h
1-3h,5h+
0-1h,1-3h
3-5h,5h+
0-1h,1-3h
3-5h,3-5h
0-1h,0-1h
3-5h,3-5h
3-5h,5h+
1-3h,3-5h
1-3h,1-3h
1-3h,5h+
1-3h,3-5h
5h+,5h+
3-5h,5h+
5h+,5h+
5h+,5h+
1-3h,3-5h
1-3h,3-5h
1-3h,3-5h
5h+,5h+
5h+,5h+
5h+,5h+
5h+,5h+
1-3h,5h+
5h+,5h+
1-3h,5h+
1-3h,1-3h
1-3h,5h+
1-3h,3-5h
3-5h,5h+
1-3h,1-3h
3-5h,5h+
5h+,5h+
3-5h,3-5h
1-3h,3-5h
1-3h,3-5h
1-3h,5h+
3-5h,5h+
1-3h,1-3h
5h+,3-5h
1-3h,1-3h
1-3h,1-3h
1-3h,5h+
1-3h,0-1h
1-3h,5h+
1-3h,0-1h
5h+,5h+
3-5h,5h+
5h+,5h+
1-3h,1-3h
5h+,5h+
3-5h,3-5h
3-5h,5h+
1-3h,5h+
0-1h,1-3h
3-5h,5h+
5h+,5h+
1-3h,0-1h
5h+,1-3h
5h+,5h+
3-5h,3-5h
1-3h,3-5h
1-3h,1-3h
1-3h,5h+
3-5h,5h+
5h+,5h+
1-3h,3-5h
0-1h,5h+
1-3h,0-1h
3-5h,5h+
1-3h,3-5h
3-5h,3-5h
5h+,5h+
1-3h,1-3h
3-5h,5h+
3-5h,3-5h
0-1h,5h+
3-5h,5h+
3-5h,3-5h
5h+,5h+
3-5h,3-5h
5h+,5h+
1-3h,3-5h
5h+,5h+
3-5h,5h+
3-5h,5h+
5h+,5h+
3-5h,5h+
1-3h,1-3h
5h+,5h+
1-3h,3-5h
5h+,5h+
1-3h,3-5h
1-3h,3-5h
0-1h,1-3h
3-5h,3-5h
1-3h,3-5h
5h+,5h+
5h+,5h+
1-3h,3-5h
1-3h,3-5h
5h+,5h+
3-5h,5h+
1-3h,5h+
1-3h,5h+
1-3h,5h+
5h+,5h+
3-5h,1-3h
1-3h,5h+
1-3h,5h+
5h+,5h+
3-5h,3-5h
3-5h,5h+
1-3h,3-5h
3-5h,1-3h
1-3h,1-3h
3-5h,3-5h
3-5h,5h+
3-5h,3-5h
1-3h,5h+
3-5h,5h+
1-3h,3-5h
1-3h,1-3h
1-3h,1-3h
0-1h,1-3h
1-3h,1-3h
1-3h,1-3h
1-3h,1-3h
1-3h,3-5h
1-3h,1-3h
1-3h,1-3h
0-1h,0-1h
1-3h,0-1h
1-3h,1-3h
1-3h,5h+
1-3h,5h+
3-5h,5h+
3-5h,3-5h
5h+,5h+
5h+,5h+
5h+,5h+
3-5h,5h+
5h+,5h+
1-3h,5h+
3-5h,5h+
3-5h,3-5h
1-3h,1-3h
3-5h,3-5h
1-3h,5h+
0-1h,1-3h
3-5h,5h+
0-1h,1-3h
3-5h,3-5h
0-1h,0-1h
3-5h,3-5h
3-5h,5h+
1-3h,3-5h
1-3h,1-3h
1-3h,5h+
1-3h,3-5h
5h+,5h+
3-5h,5h+
5h+,5h+
5h+,5h+
1-3h,3-5h
1-3h,3-5h
1-3h,3-5h
5h+,5h+
5h+,5h+
5h+,5h+
5h+,5h+
1-3h,5h+
5h+,5h+
1-3h,5h+
1-3h,1-3h
1-3h,5h+
1-3h,3-5h
3-5h,5h+
1-3h,1-3h
3-5h,5h+
5h+,5h+
3-5h,3-5h
1-3h,3-5h
1-3h,3-5h
1-3h,5h+
3-5h,5h+
1-3h,1-3h
5h+,3-5h
1-3h,1-3h
1-3h,1-3h
1-3h,5h+
1-3h,0-1h
1-3h,5h+
1-3h,0-1h
5h+,5h+
3-5h,5h+
5h+,5h+
1-3h,1-3h
5h+,5h+
3-5h,3-5h
3-5h,5h+
1-3h,5h+
0-1h,1-3h
3-5h,5h+
5h+,5h+
1-3h,0-1h
5h+,1-3h
5h+,5h+
3-5h,3-5h
1-3h,3-5h
1-3h,1-3h
1-3h,5h+
3-5h,5h+
